name,parent,type,size
.,,directory,1629476
1.py,,file,11506
new_file.csv,,file,15
new_file.json,,file,382
new_file.pickle,,file,252
new_file.txt,,file,131
new_file1.txt,,file,70
README.md,,file,13
res.txt,,file,137
task01.csv,,file,48570
task01.json,,file,119834
task01.pickle,,file,50437
.\.git,.,directory,673504
COMMIT_EDITMSG,.,file,1102
config,.,file,304
description,.,file,73
FETCH_HEAD,.,file,101
HEAD,.,file,21
index,.,file,16427
ORIG_HEAD,.,file,41
packed-refs,.,file,112
.\.git\hooks,.\.git,directory,23513
applypatch-msg.sample,.\.git,file,478
commit-msg.sample,.\.git,file,896
fsmonitor-watchman.sample,.\.git,file,4726
post-update.sample,.\.git,file,189
pre-applypatch.sample,.\.git,file,424
pre-commit.sample,.\.git,file,1643
pre-merge-commit.sample,.\.git,file,416
pre-push.sample,.\.git,file,1374
pre-rebase.sample,.\.git,file,4898
pre-receive.sample,.\.git,file,544
prepare-commit-msg.sample,.\.git,file,1492
push-to-checkout.sample,.\.git,file,2783
update.sample,.\.git,file,3650
.\.git\info,.\.git,directory,240
exclude,.\.git,file,240
.\.git\logs,.\.git,directory,13437
HEAD,.\.git,file,4709
.\.git\logs\refs,.\.git\logs,directory,8728
.\.git\logs\refs\heads,.\.git\logs\refs,directory,4709
main,.\.git\logs\refs,file,4709
.\.git\logs\refs\remotes,.\.git\logs\refs,directory,4019
.\.git\logs\refs\remotes\origin,.\.git\logs\refs\remotes,directory,4019
HEAD,.\.git\logs\refs\remotes,file,185
main,.\.git\logs\refs\remotes,file,3834
.\.git\objects,.\.git,directory,618021
.\.git\objects\00,.\.git\objects,directory,4437
28eafe3ffcf32c04c036849ce53d34d1e6d366,.\.git\objects,file,2883
6afb8092bef7eaf33e742f36d69ca4d98f9723,.\.git\objects,file,282
73049a5e06171c5ec10678df161d81aff0acda,.\.git\objects,file,1272
.\.git\objects\03,.\.git\objects,directory,99
a28f5e9c2fa24c806f72a3bc929371239f7409,.\.git\objects,file,99
.\.git\objects\04,.\.git\objects,directory,291
57e428769c7e031283c04be6f078cd4526b28d,.\.git\objects,file,172
5aa5a664e3ace94cc08299869af7fddb5f4aa5,.\.git\objects,file,119
.\.git\objects\05,.\.git\objects,directory,3831
2367c3c18fbc2ec0d0e6f95420cf94e5cb080b,.\.git\objects,file,173
32ce1aabc5deafe095dae6df520520c5b297b3,.\.git\objects,file,3658
.\.git\objects\06,.\.git\objects,directory,494
23b72a932e8f8304e999a7ade51c0893273c49,.\.git\objects,file,297
25e6d5658d11b531acc11534f2c7bf32f997fa,.\.git\objects,file,197
.\.git\objects\08,.\.git\objects,directory,840
883d378b0b30f4077de8604a75fec87fce1610,.\.git\objects,file,520
99fcf05bf579a41275c65f9acc6ac947ea3d76,.\.git\objects,file,320
.\.git\objects\09,.\.git\objects,directory,68
5380bced9e740bc710e2670af0b9234095176a,.\.git\objects,file,68
.\.git\objects\0a,.\.git\objects,directory,485
5c37f72563db60e87b5adf9cbcfab64c3d38b7,.\.git\objects,file,308
adcea94a87f2e9a6d2669f3cc9e077ec3be88d,.\.git\objects,file,177
.\.git\objects\0b,.\.git\objects,directory,3748
77adaecea4e9027f7ae6ba16b3a3a3b6a59d9e,.\.git\objects,file,211
8b9bd87bb96de409ff3087c1da9f3c1da93404,.\.git\objects,file,60
cdeb82f4e76b963f30180faeff271b4a5fbe5e,.\.git\objects,file,3477
.\.git\objects\0e,.\.git\objects,directory,2305
4be5997a5939578cb56257a8c31cb51e341943,.\.git\objects,file,174
84364868d756df350640165fe189c2ac4572bc,.\.git\objects,file,56
b04d7549ab3a3afb903a2b4b069115d34c21aa,.\.git\objects,file,2075
.\.git\objects\0f,.\.git\objects,directory,1868
3746073b82b39166e59299b8b848a2db8dc01d,.\.git\objects,file,1868
.\.git\objects\10,.\.git\objects,directory,974
15c6521982a5618c6bae25e652cd58307bf3b3,.\.git\objects,file,125
5ce2da2d6447d11dfe32bfb846c3d5b199fc99,.\.git\objects,file,142
b26ed8c5535594f0987b0b7a43a6f9f872f1ee,.\.git\objects,file,342
ba2d87424d0d71117ebcad1d0060f4c1f9cacf,.\.git\objects,file,365
.\.git\objects\11,.\.git\objects,directory,288
3a86f268fd5c8c769ee1e8bb4c1e21a9f78270,.\.git\objects,file,232
52ed74fef7cbfbf2042986b4eaecfbffdc2bf3,.\.git\objects,file,56
.\.git\objects\12,.\.git\objects,directory,2760
3e72c3255830d842b32b62c2bd58dc6acce490,.\.git\objects,file,2351
a60df5d98eae0f2413a18ceb07980ffef0e866,.\.git\objects,file,409
.\.git\objects\13,.\.git\objects,directory,4302
76f362b65d398803f1c30bfdda5218c4b84e93,.\.git\objects,file,454
da2989fbbb0fdd13e30d012ed15481b7781151,.\.git\objects,file,3536
e525ea0b16755d57934838e5781b28a5d8a34f,.\.git\objects,file,312
.\.git\objects\14,.\.git\objects,directory,487
97485893e53c85f448fdb2506e6d3e70b4acaf,.\.git\objects,file,431
fa5584757062751d4eab0bb41ec3af0d906c95,.\.git\objects,file,56
.\.git\objects\15,.\.git\objects,directory,5467
2610cbb381cd7eed4f1b6096a6925932a19570,.\.git\objects,file,1945
eaba4ecd8d128199faa8cd07cee9647372ddfd,.\.git\objects,file,3522
.\.git\objects\16,.\.git\objects,directory,261
b689a84d2b65efd98eb0e5eb3dbf6506234598,.\.git\objects,file,261
.\.git\objects\17,.\.git\objects,directory,3030
137ed618d821c4e044e7fe45931d7adc002e21,.\.git\objects,file,3030
.\.git\objects\18,.\.git\objects,directory,377
076c1e6e0b1e9e76a499e2248c406992f865bf,.\.git\objects,file,127
079e73551210790e667536a3f3db42878276f2,.\.git\objects,file,148
6f1f6026f761f2a44ee76279f95f45e5ccd1a3,.\.git\objects,file,102
.\.git\objects\19,.\.git\objects,directory,201
670181b53d0e29a5f171ff333885b7fef7aa40,.\.git\objects,file,201
.\.git\objects\1a,.\.git\objects,directory,1316
5b4eb6fbf1ed31a7b7d93d75b3507737368c0e,.\.git\objects,file,595
ad9becefa5bf5027a36388fe56ccfff8bbd1d5,.\.git\objects,file,721
.\.git\objects\1b,.\.git\objects,directory,121
4d1c6e54ff047984a5f06ed424bc9bdbc622a2,.\.git\objects,file,121
.\.git\objects\1c,.\.git\objects,directory,611
5513ad7d5091c377e8a2fa65b3bcec5b547318,.\.git\objects,file,296
c2c3cfb4f5e8bfd2202e64bf99bf50955932fd,.\.git\objects,file,315
.\.git\objects\1d,.\.git\objects,directory,149
eb2ca18736891600594df3948851aeca2c015c,.\.git\objects,file,149
.\.git\objects\1e,.\.git\objects,directory,457
091b3ae22d81febdda5afd10642a32c35e93cf,.\.git\objects,file,401
c44fcb000d7696abe4fec369d8ca76d431b488,.\.git\objects,file,56
.\.git\objects\1f,.\.git\objects,directory,1459
3cd3bc13a1254d638830e9571f4850e8ddf01e,.\.git\objects,file,71
4e42ba287c676b135ba8359687ec887bdff6bf,.\.git\objects,file,160
f72e609135c453486e5d17524b41b39aa7f58f,.\.git\objects,file,1228
.\.git\objects\20,.\.git\objects,directory,1081
61425de76f85ef8d9409a2d9507acff9831206,.\.git\objects,file,1051
7d5ed32ec673dfebcddad375465720bbcab05f,.\.git\objects,file,30
.\.git\objects\21,.\.git\objects,directory,2764
68c6eea041b34659d8c96e11052a443e8093d2,.\.git\objects,file,193
9e4f7fb4fee04c54d0758536a23ba740333272,.\.git\objects,file,173
ab6fff3a324a943aa1f6b7d0ef5dcfff1d4b99,.\.git\objects,file,2344
c3292f1a9adec1e8f10884b209f010ad31c2b6,.\.git\objects,file,54
.\.git\objects\22,.\.git\objects,directory,26241
228877c79e771788438f0e3462e9d5660bf364,.\.git\objects,file,25627
c93666b383f4f254b6ea3f94e15f6e9ceb56f6,.\.git\objects,file,614
.\.git\objects\23,.\.git\objects,directory,294
a405dda8fbe85d3a1efac2707254da6605c8b1,.\.git\objects,file,294
.\.git\objects\24,.\.git\objects,directory,1565
0156a77aa28d9d6bc2fb39ab16a1acb7db1a50,.\.git\objects,file,1565
.\.git\objects\25,.\.git\objects,directory,201
3a5b26442ea9a114c067a824c68bce4823216e,.\.git\objects,file,201
.\.git\objects\26,.\.git\objects,directory,3069
301f1a84736b6203af898bef95aaf5bc1b9538,.\.git\objects,file,174
795e91f2bbf3c5b3de149dacebcb4e87c938b4,.\.git\objects,file,2832
d33521af10bcc7fd8cea344038eaaeb78d0ef5,.\.git\objects,file,63
.\.git\objects\27,.\.git\objects,directory,729
b496e78703673dffb634f6d7c11a6447ff06f8,.\.git\objects,file,729
.\.git\objects\28,.\.git\objects,directory,128
fcb0409be55b517705cb9054a701085360196a,.\.git\objects,file,128
.\.git\objects\29,.\.git\objects,directory,728
009963b50e4fe70c95a9e054b0fcb75e0a7b2a,.\.git\objects,file,231
f5781c3cfce58a23a4c6b1ff9a6e5c4eb4ed05,.\.git\objects,file,497
.\.git\objects\2b,.\.git\objects,directory,1319
88adbd75f0fe6d5a42c51c5f3fe911e821dbd5,.\.git\objects,file,435
ee8c4d49e8d640c6901c2150f91a864d21b335,.\.git\objects,file,884
.\.git\objects\2c,.\.git\objects,directory,1128
d6a2d8e5720b04bb7b4b21584505da9df4cef8,.\.git\objects,file,147
d79850f0c8e12ee01a48c7e4df6548f50992d2,.\.git\objects,file,981
.\.git\objects\2d,.\.git\objects,directory,1143
071f2fe627f47c04820b5eefb598aaeb85be17,.\.git\objects,file,332
1790bbc81fabae3fbf2eb52890ece735b66990,.\.git\objects,file,56
6c1f7b2efc1756d8fa443596d024190eba89a9,.\.git\objects,file,755
.\.git\objects\2e,.\.git\objects,directory,930
24d4c106003803f9ae34ffb7fed4cd228abbb2,.\.git\objects,file,423
d87df54194548db19676005eec5314bed10e5c,.\.git\objects,file,507
.\.git\objects\2f,.\.git\objects,directory,1150
96f3a567f86818855dad700428658d0e626f10,.\.git\objects,file,1150
.\.git\objects\30,.\.git\objects,directory,5659
8a1b336d24b3a1d0a6be72dec44e95e993b882,.\.git\objects,file,882
bfb0380e6c76d204a0d897f26ddf21b6a074e4,.\.git\objects,file,3966
d6beed0f694bcf7e759562349a52f83ecf83de,.\.git\objects,file,85
da7826e71e5c56ec7e874d0e509102c91113ae,.\.git\objects,file,137
ecebcc8d432a390484bc4084011570ab8282ca,.\.git\objects,file,589
.\.git\objects\31,.\.git\objects,directory,317
8ed3524b7ef6b82405cf838c4bcdcfdf44c7d9,.\.git\objects,file,317
.\.git\objects\32,.\.git\objects,directory,662
64f06e31d8c9d53b240d2ef20d1920eb571491,.\.git\objects,file,563
f0aaff9ecffb3a5a11223bca666971653bd819,.\.git\objects,file,99
.\.git\objects\33,.\.git\objects,directory,1165
096d8b0b9a8efd82ef21a1cd0db9411bda80da,.\.git\objects,file,433
5a32ffaa9716ee292f1516770813a827f76d39,.\.git\objects,file,489
b1322eebd2bb7291a56a10ce7ff538329dc1ba,.\.git\objects,file,243
.\.git\objects\34,.\.git\objects,directory,1018
00999e1597bb28b1b09c331821a73a981811ea,.\.git\objects,file,363
1d7b9eb73d1d79ad90c2fc94e33de7e935760f,.\.git\objects,file,286
506ec0c3a27d64856785f5bb68ed07996c0893,.\.git\objects,file,137
cef766846ba34423b8604e1021fecec9fcd383,.\.git\objects,file,232
.\.git\objects\35,.\.git\objects,directory,1534
34f8ff577b6efe1bfa4f590c6bbe6bfc3c82b8,.\.git\objects,file,1394
eb1ddfbbc029bcab630581847471d7f238ec53,.\.git\objects,file,140
.\.git\objects\36,.\.git\objects,directory,169
3fcab7ed6e9634e198cf5555ceb88932c9a245,.\.git\objects,file,71
46a2ef274051b268ed0919e0bc7acbd11ab1e3,.\.git\objects,file,98
.\.git\objects\37,.\.git\objects,directory,27336
06605050df349d6956a638ef34216a03e36759,.\.git\objects,file,112
b659fc1bfae19b00051e1d0328717bde3f76cb,.\.git\objects,file,1734
eba262bff167fcb3147826086d6e080ffb34f5,.\.git\objects,file,25490
.\.git\objects\38,.\.git\objects,directory,319
22987d1957c143e8942fab25a44673820dae04,.\.git\objects,file,56
8cfeba9849aeb7f0f86a65aa1201b3011f895e,.\.git\objects,file,263
.\.git\objects\39,.\.git\objects,directory,730
998ed6bc2c487db3fa79fd57d5e834686f3a9f,.\.git\objects,file,730
.\.git\objects\3a,.\.git\objects,directory,1779
6286c6bacb2a7252752623c7ce891ecafba093,.\.git\objects,file,768
fe9633d9c82d67ad4b2aacc33e504fa19fce1e,.\.git\objects,file,1011
.\.git\objects\3c,.\.git\objects,directory,2308
a585e8035b58d9862868e0553d56f2b002896c,.\.git\objects,file,2158
fe042fb59bee9b1eeb3630cd3789478c71e25e,.\.git\objects,file,150
.\.git\objects\3d,.\.git\objects,directory,4272
3534481c64a03195e6c87b2213020815ecf971,.\.git\objects,file,77
4e0e73f776440da8cf37eb8b79a7d8ef52a389,.\.git\objects,file,171
56b896b23557aecc3592483c02829581d2b3a6,.\.git\objects,file,4024
.\.git\objects\3e,.\.git\objects,directory,172
1b9dec2ba68496ceea9f5c63c0bb3d5bcdc4b6,.\.git\objects,file,172
.\.git\objects\40,.\.git\objects,directory,16329
0344ca59d36154f91ff87fd6ab6f2d08b166e6,.\.git\objects,file,616
3701047e9078c5bf00fa4c856e1c6b4fac497c,.\.git\objects,file,3719
687b7843f504f993d5f5f41e94305248ecdd37,.\.git\objects,file,3064
6896bb94e5d1234c3c2bb23ebe9e417ea08189,.\.git\objects,file,3234
7f8d11c8338be4775beab1db9bcb0b9d1d630a,.\.git\objects,file,2192
8537115fee30737cdc047fd7e9f38c4eda691b,.\.git\objects,file,1446
df78e48abb84d7a2740ef6ebba054fef97c937,.\.git\objects,file,2058
.\.git\objects\41,.\.git\objects,directory,3139
244448d150db30f9eb6c834f11ff3aa6046d7f,.\.git\objects,file,3052
d9973937aaee7331575f3f4479de58e418685b,.\.git\objects,file,87
.\.git\objects\42,.\.git\objects,directory,797
64298a51a2b4259422ecee990b31d1db3f5e07,.\.git\objects,file,797
.\.git\objects\43,.\.git\objects,directory,590
bb43e659c1193345d6cb006638a2e616583697,.\.git\objects,file,468
e15b196da03633245d7edf8ef25bb579f6bc79,.\.git\objects,file,122
.\.git\objects\44,.\.git\objects,directory,1066
158f1f0dfd7551ef3ec2ec3a70e85433ff7dba,.\.git\objects,file,51
350b8b5be5c042a8b56814235e7bbf1acae1c1,.\.git\objects,file,56
4223515d4ba19b3ac27f0311ffc46b3bd91838,.\.git\objects,file,97
9e25fdc838e5e1830ac0616017d1eed340a98f,.\.git\objects,file,761
bc601c3452967a24ad8b7fa5c8b27eb46d35fd,.\.git\objects,file,101
.\.git\objects\45,.\.git\objects,directory,4985
8da1dd9342b39fa05d62d4081f38233e1c80f1,.\.git\objects,file,2457
b24bf8e18f7412f27f137bad371d7880f7276e,.\.git\objects,file,2528
.\.git\objects\46,.\.git\objects,directory,1686
07b194a1341888b2e59258f97b0e9431a93627,.\.git\objects,file,1114
9fd6cc010c6644a0815ce72bafe76579f1a334,.\.git\objects,file,263
a32cc8c6a339c33315a81427aae02e7909ba6e,.\.git\objects,file,309
.\.git\objects\48,.\.git\objects,directory,1489
c924f06e22035e2fe08113523f99b3c6b03ac9,.\.git\objects,file,1318
f5117e4ae0cc48a4ad57263344a45a6b164b15,.\.git\objects,file,171
.\.git\objects\49,.\.git\objects,directory,4200
01ffada02a91030d7e172f3ea7656bf963d787,.\.git\objects,file,98
1eb8ad491b9070745fa0d24c7e4dfe2c69835e,.\.git\objects,file,531
73d4db16182ab912e44e72ec236fd0ba30912f,.\.git\objects,file,261
89f83ee2bd7db322b3e42fd0fa2106f1cb8b71,.\.git\objects,file,3310
.\.git\objects\4a,.\.git\objects,directory,1497
28a0d093c15952ac96b88d4eb6cbe62611e43f,.\.git\objects,file,142
34c237e946789ecaaeaa4974feff46e6e63f84,.\.git\objects,file,524
a797765dc24fa57f6662437c2d88bff538183a,.\.git\objects,file,831
.\.git\objects\4b,.\.git\objects,directory,3455
93ffde9dd439e4f9cfa7a952940e400aa78605,.\.git\objects,file,3455
.\.git\objects\4c,.\.git\objects,directory,2513
1551a490ae4a4a78a58e58e663ea97c098015e,.\.git\objects,file,1103
f4601b1fb8cf8c0dc9aaf858df4b40f57d31be,.\.git\objects,file,1410
.\.git\objects\4d,.\.git\objects,directory,6549
03aca29af96c98cf6de1dac05466c64dca1ead,.\.git\objects,file,5290
61a169254d99127e21cc83da39767cf27b6b7b,.\.git\objects,file,1259
.\.git\objects\4e,.\.git\objects,directory,173
d59a27df303616e8746ef541eb49c72ba24dc0,.\.git\objects,file,173
.\.git\objects\4f,.\.git\objects,directory,282
3c744567d529232bf411fc20ad7ff108ad0ba1,.\.git\objects,file,82
9310e497ac312fe0eabf9baf73c9362c742344,.\.git\objects,file,200
.\.git\objects\50,.\.git\objects,directory,156
61189172aa48ffa5df9ac4aa315c37e53084ce,.\.git\objects,file,100
fa5fd3aec139a0a6769d56de927dbc64be8928,.\.git\objects,file,56
.\.git\objects\53,.\.git\objects,directory,26811
b30ebb6c92b011093d2e07990acaf0a783b553,.\.git\objects,file,25457
c1e74c06328d8dd4ecf642248b918e206dae4f,.\.git\objects,file,1164
dd74cf57087ee1e1f9ed04262042d08a955685,.\.git\objects,file,56
e66903ff7f03f924f91e80bee4d24631b77176,.\.git\objects,file,134
.\.git\objects\54,.\.git\objects,directory,1500
6a02ea5321fbfc9bb703d58f936cecbf53758d,.\.git\objects,file,1500
.\.git\objects\55,.\.git\objects,directory,2525
3b6461980ca8eef3b66e34d1cb2a53ebdf793c,.\.git\objects,file,2525
.\.git\objects\56,.\.git\objects,directory,2952
02430b455f05e7bf146faae8ea709963653b5a,.\.git\objects,file,2194
25c786590d4a32bf987ca9a9259770e99ac7ec,.\.git\objects,file,173
7830db180a347bca6be407fb3145a408d98ade,.\.git\objects,file,154
7b0901d52f2bccc4cce6472919e39bb8000b5f,.\.git\objects,file,176
94566cbee2bd0d7ac8788ce12841e4cbb13786,.\.git\objects,file,255
.\.git\objects\57,.\.git\objects,directory,17344
109c641f8af196cd1ea3ca9ee9f15970a1491b,.\.git\objects,file,255
191e2103d29155994038369054e1954591cc7b,.\.git\objects,file,16915
73f15f8b0605e4c994b17daaead10a75d6a761,.\.git\objects,file,174
.\.git\objects\58,.\.git\objects,directory,489
38653f4a9f4b4348d5860a736f03a45f6c5216,.\.git\objects,file,317
eca6f8bed18ce0d3c58d053bfb169efecfd728,.\.git\objects,file,172
.\.git\objects\5a,.\.git\objects,directory,440
5ffdef28ee8cd7631422d18f1e64feee536491,.\.git\objects,file,127
f996b1f3273e491f809af2649bd45a7abedde9,.\.git\objects,file,313
.\.git\objects\5b,.\.git\objects,directory,4198
870f023a47c2cfcf2f179223f52638e047c903,.\.git\objects,file,555
8b3e8cd68e96034b73dea3991c474d9a4ba009,.\.git\objects,file,325
937bdc270e1afe09e33801cca37ea6787d781e,.\.git\objects,file,3318
.\.git\objects\5c,.\.git\objects,directory,296
62a8004c9f6daaff0207b8495e06297e7b6d1e,.\.git\objects,file,173
747d9d679961ee99b0c7dfca0594621b54e890,.\.git\objects,file,123
.\.git\objects\5d,.\.git\objects,directory,599
768eac5e395dd84db8bd9ff95a6f758724b42c,.\.git\objects,file,599
.\.git\objects\5e,.\.git\objects,directory,1314
17f3758f05b96c4e4033381b4178e022814e92,.\.git\objects,file,490
7df4ce55d4cfb8ad2343437f85077a30a14e2f,.\.git\objects,file,824
.\.git\objects\5f,.\.git\objects,directory,2041
1f5719cc4d57736a7bf798f11f97fbd01b2c10,.\.git\objects,file,1477
9db5130e31bb7d4a692e392c339733134c02b1,.\.git\objects,file,280
a998b186a94918a476d3ea04aa41706d58b456,.\.git\objects,file,118
b950fa89f8430926af31b6aabcf2889e34d874,.\.git\objects,file,166
.\.git\objects\61,.\.git\objects,directory,819
884db8dbc49f9fdb7e799f1b9417b11302a4d6,.\.git\objects,file,256
8d5b88aff70913fdb29c143e6db3d796e811e3,.\.git\objects,file,563
.\.git\objects\62,.\.git\objects,directory,305
c1a7abee64fc0c68a6b716ef415bcbbcef0e36,.\.git\objects,file,305
.\.git\objects\63,.\.git\objects,directory,14230
2ed3a5b50f6f366c98a84e778351f66700a22d,.\.git\objects,file,2192
a8ea8c3fe5f452047544e220ee5b8413921e7a,.\.git\objects,file,1919
c445e681d85ef5230105844f00d687c916a99e,.\.git\objects,file,10063
f55b6c7d523e252d193e4da86476a444f4c920,.\.git\objects,file,56
.\.git\objects\64,.\.git\objects,directory,2235
072170a74b3fe4cb5ffba04c7b3a89c685f666,.\.git\objects,file,2146
29c23d34c2aa9408ca1df1831703f26373ab86,.\.git\objects,file,89
.\.git\objects\65,.\.git\objects,directory,3443
1cb3c2543c8d0d1d156d97075171dcc71049a2,.\.git\objects,file,1786
8808a02e489f01acd9190288bf37af28018c2e,.\.git\objects,file,71
91171fbdcabb79c0bacd49f4377dcb68f4d0d7,.\.git\objects,file,1586
.\.git\objects\66,.\.git\objects,directory,19090
2ee29d08b2aa14e4d6df576783bb653305e489,.\.git\objects,file,560
7e77b346b1cc9c656cde91c5aa42d6647b6d40,.\.git\objects,file,18530
.\.git\objects\67,.\.git\objects,directory,1922
1d1a9ef5aff5d7afda5eb6e0ad72e0c628d0d3,.\.git\objects,file,1255
3f88b0ed6040c364671506d542f11b27018d86,.\.git\objects,file,639
69dd60bdf536a83c9353272157893043e9f7d0,.\.git\objects,file,28
.\.git\objects\69,.\.git\objects,directory,1002
70bec0f4ee340f6a969c6c193e47a931903754,.\.git\objects,file,1002
.\.git\objects\6a,.\.git\objects,directory,1944
268d382223a1a52c50fef4a3d1b68a97baf89e,.\.git\objects,file,171
419764a4cd5c2835f1c36491d92fc467c2f211,.\.git\objects,file,461
a0af9c4c8f5b3e82bf8bbf57280ee51a996827,.\.git\objects,file,1312
.\.git\objects\6b,.\.git\objects,directory,1541
1e2e9720003d1496569de12f0dff462d78313a,.\.git\objects,file,918
acb4c4026540478b579ea9f59002a012e8254b,.\.git\objects,file,450
c0153961eac333f7b7fdab2b13f6604903a587,.\.git\objects,file,173
.\.git\objects\6c,.\.git\objects,directory,1097
17816281de367a9b3b0e9bb41912ffb9086422,.\.git\objects,file,172
57888571f2441a565999fcb45017b82351e670,.\.git\objects,file,512
9055770d9d99cd9be1280ddac74e188dba3ab7,.\.git\objects,file,238
a319c7d749ba64f7179332c78549216bccc3c8,.\.git\objects,file,175
.\.git\objects\6e,.\.git\objects,directory,619
0aa121f1a532540f6a5b479cc6ab2ab4221889,.\.git\objects,file,299
330e46304a662e4c2e112d8c3fc1d37745f4fd,.\.git\objects,file,264
def95091bf229e3617ddaeb4e6368ed81da4d9,.\.git\objects,file,56
.\.git\objects\6f,.\.git\objects,directory,1055
84482fa9fac535f9e109b42c6c12a4ab74d278,.\.git\objects,file,173
93073142a514f8ac33b0e6092622fdb229eee8,.\.git\objects,file,882
.\.git\objects\70,.\.git\objects,directory,1264
40a2cee04325fe64409e2bb24af1f73ee98de8,.\.git\objects,file,923
dc0661efdd7a916ab05f6630c46fe1b8e0f034,.\.git\objects,file,341
.\.git\objects\71,.\.git\objects,directory,2137
47fba67b9994ca4effa1306164a363f426a9ad,.\.git\objects,file,61
bf5a52cee34ab67afe53b2af6c85ad9c35401f,.\.git\objects,file,1674
eb867978f389cc05340faea46d068319d4645a,.\.git\objects,file,228
eebc54fbe779d5628f075bf9a2884bbf010b2e,.\.git\objects,file,174
.\.git\objects\72,.\.git\objects,directory,2063
9a3a686ca124703fcce4fa77cd3f4318ef2c13,.\.git\objects,file,2063
.\.git\objects\73,.\.git\objects,directory,2028
7585f6f14a52a648d09e0461f149ee8c8c8493,.\.git\objects,file,1776
c01d9eb982820d645a2744f82efd72e6d65c7b,.\.git\objects,file,79
d545e0d4985d9cf2435054548c49de6b06362b,.\.git\objects,file,173
.\.git\objects\74,.\.git\objects,directory,700
660507ad40028e020cce3f2f27c6d1d35cb66f,.\.git\objects,file,262
f793ff94734d159656be74df8c168f8d34e487,.\.git\objects,file,438
.\.git\objects\75,.\.git\objects,directory,26991
1679696ee1c4afe6039831d46ffbae0233c135,.\.git\objects,file,644
52090650d66dbe68e176bcb66cb9a57d154220,.\.git\objects,file,756
5ccce661af2caeafb4b73cac6cdba8a72fee5a,.\.git\objects,file,25509
989f86692eb5dca92670e8eca008ea2bd317b6,.\.git\objects,file,82
.\.git\objects\76,.\.git\objects,directory,173
c4acca22d1da88530130203b7c0e2e94e86714,.\.git\objects,file,173
.\.git\objects\77,.\.git\objects,directory,2433
5531f97d183bd3efe98b1f96f36bd9f3e8c3a1,.\.git\objects,file,2433
.\.git\objects\79,.\.git\objects,directory,1202
5526fcf40d269551d4c6164898a6b40859f9f6,.\.git\objects,file,272
77f0971df465bf6883f6b144d4d5f13ec9bc46,.\.git\objects,file,930
.\.git\objects\7a,.\.git\objects,directory,3684
442ac09de12244315a660da517f9a954f89108,.\.git\objects,file,157
51cb73ac756b6c64373c0d21d6048d4dcd0489,.\.git\objects,file,197
80f7332d44e8013a75864ce3a072fee1ad009c,.\.git\objects,file,3330
.\.git\objects\7c,.\.git\objects,directory,396
2791f67134fb6b632961418471bfcafc15e66a,.\.git\objects,file,396
.\.git\objects\7d,.\.git\objects,directory,2233
2a2563fc66afde2f7acf0f247b0a837a0ac934,.\.git\objects,file,1819
58a89c29b51c2a2508cb8d0ba808320ba1ebee,.\.git\objects,file,232
59e255a27071b0a4776e3eeaf5d8b776cf0904,.\.git\objects,file,182
.\.git\objects\7e,.\.git\objects,directory,270
c09d72178f6454fa7c0634885c2fdfd557b3ba,.\.git\objects,file,174
daaeb3ebdcfeae1a0e29fad35d46922514a296,.\.git\objects,file,96
.\.git\objects\7f,.\.git\objects,directory,584
e745f41fb73df43655b0e3e2fc086c4f752105,.\.git\objects,file,584
.\.git\objects\81,.\.git\objects,directory,2051
01e648f51cee20bcad7f49d539f1e56dcee536,.\.git\objects,file,315
56b7316fd78689440bbd96c54d064d2e87b8b0,.\.git\objects,file,463
84da267bfc43a64bc2fea02cd6f7cf9e150c62,.\.git\objects,file,1273
.\.git\objects\82,.\.git\objects,directory,173
f01b4d8609515e07e2829e4881dcfa5923efe5,.\.git\objects,file,173
.\.git\objects\85,.\.git\objects,directory,161
7cf5636d0146f161232941dbf1fd7595234dd8,.\.git\objects,file,161
.\.git\objects\87,.\.git\objects,directory,1010
6d5289b1e48625efad2cd98b8931eeea6d8023,.\.git\objects,file,98
eeacd3bca1d4cef5bda1910d9d7e093c5a7e5c,.\.git\objects,file,912
.\.git\objects\89,.\.git\objects,directory,3868
f3cc73229caa643f588ee881060663c32f0b74,.\.git\objects,file,72
f588c27685174e9c6f6f5952c83e9e96d68d20,.\.git\objects,file,647
f5b9589a28c12d0365993accee5327a2a88f77,.\.git\objects,file,2569
fc8ccdee3fb4decf54884db65a1645df8d2b23,.\.git\objects,file,580
.\.git\objects\8a,.\.git\objects,directory,2769
4534cf0a639d8d9f988224ceef956bac5e66f2,.\.git\objects,file,2769
.\.git\objects\8b,.\.git\objects,directory,5821
0ab5662c5b88d03bf209c4ccc5d33910dbc01a,.\.git\objects,file,4072
6b494fa86f1cc6cd80761a4a56a348806ef13f,.\.git\objects,file,1749
.\.git\objects\8c,.\.git\objects,directory,175
4c637412d78ceb8967e2b1554971ebf166e54d,.\.git\objects,file,175
.\.git\objects\8d,.\.git\objects,directory,3152
9e32ba2fe033c5db91170d5a22c50922ac6d4e,.\.git\objects,file,3152
.\.git\objects\8f,.\.git\objects,directory,17168
df1255c576acabd8d782a919ca385ed85171a3,.\.git\objects,file,961
fa97de6da441d50876c3e16f117b830e37288a,.\.git\objects,file,16207
.\.git\objects\90,.\.git\objects,directory,2184
aebcbcb1e3044174cc226ec358a77a1f2e5676,.\.git\objects,file,2184
.\.git\objects\91,.\.git\objects,directory,1233
0d86c2be020981cf39d0cd7c712a1cc07858b4,.\.git\objects,file,68
1c4ecddc0131c1f9c428b40f8562292fc7cdbb,.\.git\objects,file,96
dff4d7f08a1761aab6e6aa1804181a72f856ac,.\.git\objects,file,1069
.\.git\objects\92,.\.git\objects,directory,2515
c49e8cf4562f85c37bf597fb2880e28b886013,.\.git\objects,file,2515
.\.git\objects\93,.\.git\objects,directory,922
07298062a36aeb3a09f6866953062f2bedbeca,.\.git\objects,file,738
bab9f06120e02169dc67207552e523e4b8ae9c,.\.git\objects,file,184
.\.git\objects\97,.\.git\objects,directory,1862
4951bd5279e21053fec4d987d74ff517b9b59e,.\.git\objects,file,1665
824ec9b0149e48c91dce4fee530335b327c686,.\.git\objects,file,66
8ce870e2b362235574173f0743a098b76a0b3e,.\.git\objects,file,63
f54d9a57cd85bef55aeb85e1df2663a804cc1f,.\.git\objects,file,68
.\.git\objects\98,.\.git\objects,directory,3029
17d094c8e1709b5b1785a480d41d43fc9e35a2,.\.git\objects,file,2471
4c45dfbdd2b5b5a36cf26fff853559165e9a3d,.\.git\objects,file,558
.\.git\objects\9a,.\.git\objects,directory,893
adeb8ddd2bda68298dbfb7ad1667ed405d73b7,.\.git\objects,file,893
.\.git\objects\9c,.\.git\objects,directory,741
82eaaaf2f0cf76d613849c6a9d310e278a48cd,.\.git\objects,file,741
.\.git\objects\9d,.\.git\objects,directory,619
1dcfdaf1a6857c5f83dc27019c7600e1ffaff8,.\.git\objects,file,56
cffd7e0f5080f74e695fc2f020050e1d32cc68,.\.git\objects,file,563
.\.git\objects\9e,.\.git\objects,directory,460
32a17e4f1ff05d13f927674585dcbd1c75e522,.\.git\objects,file,265
d62b96c4f76ee88148c5e0daf7aac4e6971287,.\.git\objects,file,195
.\.git\objects\9f,.\.git\objects,directory,1810
c83e29fbbd3a53c8333da0b1bc770affd7785b,.\.git\objects,file,1810
.\.git\objects\a0,.\.git\objects,directory,2945
1a0b9d9c51c5ff5d1c86bd0a92d0002e1688de,.\.git\objects,file,90
47478f22dcbbc54717bd27762297a5ecb62302,.\.git\objects,file,90
ee817ab5226d975c1f00a9d3150835ec12f492,.\.git\objects,file,2765
.\.git\objects\a1,.\.git\objects,directory,83
1c7491d65155c8453ebda213bfcb365f080939,.\.git\objects,file,83
.\.git\objects\a2,.\.git\objects,directory,101
d64dfaf6e70c53b70ea937c99c9b5d3f1abf89,.\.git\objects,file,101
.\.git\objects\a3,.\.git\objects,directory,760
6ee8f459af713d555892bc8ff2eba91f65c2db,.\.git\objects,file,588
f9f593263e94bb6916eaafbc6b9808ed3b4a99,.\.git\objects,file,172
.\.git\objects\a4,.\.git\objects,directory,4970
53230361624e0abd26576ba9c3e912e91950f0,.\.git\objects,file,3199
8c6de8029bec60d0f64b2d7819647a5b96890f,.\.git\objects,file,1407
9c91b46caefde9f007bbbb061e261b2a66f98b,.\.git\objects,file,364
.\.git\objects\a7,.\.git\objects,directory,233
07345dd9860dd6f8f02aedb185c00bfa3bf677,.\.git\objects,file,233
.\.git\objects\a8,.\.git\objects,directory,1028
b5cafb52d9c2f5545df6abbdd3090d8065aa2f,.\.git\objects,file,1028
.\.git\objects\a9,.\.git\objects,directory,233
71a2c93136ccb7f8094a2783d905d33dff9163,.\.git\objects,file,147
926510a8708ca04e69763dbe229a87c09598c5,.\.git\objects,file,86
.\.git\objects\aa,.\.git\objects,directory,4734
0e5c23d221af195a6d769534268adda6a55102,.\.git\objects,file,1829
24d28da967a87043701c8fa4a24701eb916137,.\.git\objects,file,413
3a79e9d0ef112ee9fdac32e0014124ea173e2b,.\.git\objects,file,2492
.\.git\objects\ab,.\.git\objects,directory,16258
05ac18298d52c92432320b1eb6f97b856eccc9,.\.git\objects,file,16207
bd2878058eeac3b0f1a08163305dc1e5cb1294,.\.git\objects,file,51
.\.git\objects\ac,.\.git\objects,directory,30
de9b5c22fc7f3a317ed3158d609736c5993c52,.\.git\objects,file,30
.\.git\objects\af,.\.git\objects,directory,174
ce6eafcb87e69f12b0a02b2f463065b764b410,.\.git\objects,file,174
.\.git\objects\b0,.\.git\objects,directory,2208
085bafe081d2aed53e4c65ad481b26048b0fb0,.\.git\objects,file,56
21f737b61a44aab2f75f4f76b1fb35533d14d0,.\.git\objects,file,317
82e923cc8839009a62899a9750c2fd9d94a851,.\.git\objects,file,100
a095053591b45cd60a8585cb63909bc12caa73,.\.git\objects,file,1735
.\.git\objects\b1,.\.git\objects,directory,78
9ffe5b731e3f0512fac1c04fb9aa9f73ed2410,.\.git\objects,file,78
.\.git\objects\b2,.\.git\objects,directory,4981
43b7f1659d5d120677102a28f33784271bc92c,.\.git\objects,file,173
5e0ebf7c28dce86de93badee54e3a9d1e17e7c,.\.git\objects,file,763
e2345d6aff3ccb0ad085e99cd3afebd9f69e7d,.\.git\objects,file,4045
.\.git\objects\b3,.\.git\objects,directory,127
b6f27f9010af83ded416bbcd48849d683d43e4,.\.git\objects,file,127
.\.git\objects\b4,.\.git\objects,directory,738
f29c1178a0c20b629c65abec616a8852042f71,.\.git\objects,file,738
.\.git\objects\b5,.\.git\objects,directory,37
657f05b53338083b9ed017683dd15da8e9405b,.\.git\objects,file,37
.\.git\objects\b6,.\.git\objects,directory,2013
47f2cf79a081d1c8da5725a522aacfd2dcb93a,.\.git\objects,file,232
6020cf2ac6f8168c64e13ba20c14f36c3cefba,.\.git\objects,file,1781
.\.git\objects\b7,.\.git\objects,directory,3347
692a0eb4f1eb60f4327d7ac5e1ddb9b5f8fddb,.\.git\objects,file,3347
.\.git\objects\b8,.\.git\objects,directory,635
f9c72a74cdd449c583a3d65c135bab15d3dff2,.\.git\objects,file,635
.\.git\objects\b9,.\.git\objects,directory,31
03146279458028c07ab167673b121c0361f3af,.\.git\objects,file,31
.\.git\objects\ba,.\.git\objects,directory,503
83db7c8b64a9275840375cfc4f8e6c4f703601,.\.git\objects,file,186
cc7186130a288114adb7c485d12c2d005e48a4,.\.git\objects,file,317
.\.git\objects\bb,.\.git\objects,directory,2393
955c3ee088989ce7a51eb97325020e9828d31c,.\.git\objects,file,2393
.\.git\objects\bc,.\.git\objects,directory,3207
834e4237ecc99fa3a0d0bfca5e3b534dee6b40,.\.git\objects,file,173
b0cb0584e367c0fc14454505bfd660618c43f6,.\.git\objects,file,3034
.\.git\objects\bd,.\.git\objects,directory,1315
0d3898bb948f48b30689ee28441d3470705312,.\.git\objects,file,505
da10b0d19334d5ae13384dc9ac7560083425ee,.\.git\objects,file,810
.\.git\objects\be,.\.git\objects,directory,4857
13fcc947e3bac307bf9133d3321e476ca2282b,.\.git\objects,file,3188
319b453df7732ffa488cc9e12f4281a92e0dca,.\.git\objects,file,791
4d2d6cf66a1a11ec7f7dd452d5c84630221404,.\.git\objects,file,642
c6a65bd2289f013c5abdadf4fc4dcb0980df59,.\.git\objects,file,65
e0f02a4426dbad8929e1fddaac4a31a1006dff,.\.git\objects,file,171
.\.git\objects\c0,.\.git\objects,directory,334
40e9a9b8daebd33c4f7224f9271e1f923454b5,.\.git\objects,file,207
6899d26a137d8dbb6e818c4b7dbecf639a37da,.\.git\objects,file,127
.\.git\objects\c2,.\.git\objects,directory,4354
401eead8a5fa9ca8dd4460f11ee7f85d23726d,.\.git\objects,file,588
7342b3821d68d220b4bdf01c8a4abed2e8298a,.\.git\objects,file,68
73d3417e2208e4dfa96920df2f594c4cc049f7,.\.git\objects,file,96
ab452788eb5842cf7af0d2286f9f94e65b6939,.\.git\objects,file,3091
c4ac368935e5363762a3714f3c86495c7687bf,.\.git\objects,file,511
.\.git\objects\c3,.\.git\objects,directory,260
a4fe0058fe5e2b038f83b3f3f8ff9cefa7cb8f,.\.git\objects,file,260
.\.git\objects\c4,.\.git\objects,directory,245
c9d194af6473e1bbec54fd52af0839182774e1,.\.git\objects,file,56
d59474acbc96cc5bee9f594a75eb5fbf0c40c6,.\.git\objects,file,189
.\.git\objects\c5,.\.git\objects,directory,580
458032ccd1b411aa37950f6d2d63ef20094233,.\.git\objects,file,186
8300910652846827fb07ab657e0649aa3f51d6,.\.git\objects,file,240
c27e7bb69e1ab19c54227395d56dc453f47afe,.\.git\objects,file,154
.\.git\objects\c6,.\.git\objects,directory,3925
86927b6bde752ecdd510710927ec6ac6824117,.\.git\objects,file,3826
f2ffba8a58a8b52a9edbda4dc80e0ce91ef9bd,.\.git\objects,file,99
.\.git\objects\c9,.\.git\objects,directory,5432
a20b7ebabc37433b8e2643d9c41742d6275345,.\.git\objects,file,2051
c0c5f907a827c044ddc1ddbfe67e6b27826f30,.\.git\objects,file,231
f537bae2376dcb6335631d907b878fb9efc22e,.\.git\objects,file,3150
.\.git\objects\ca,.\.git\objects,directory,1568
2d7d53a3eea97bef2e4e61cf28ca67a1869b19,.\.git\objects,file,67
9d8c72414c618fc02e8663359a52089bcd3792,.\.git\objects,file,791
bb963652dd664b57da892b105af615bf615d1c,.\.git\objects,file,710
.\.git\objects\cb,.\.git\objects,directory,1448
076bfc1263a2df4137d3f29d553bbc9dab90ea,.\.git\objects,file,1277
66441a1e005d32dd95bd5f482a7a8e3cec9b95,.\.git\objects,file,171
.\.git\objects\cc,.\.git\objects,directory,8117
8232ae805f76f294c951605f0847f4eec2e97b,.\.git\objects,file,3460
96c6123f3037ee39d1e9821418fb092b9ed314,.\.git\objects,file,3927
fe56ec8ad725158fbbfc43febc06b7ef2d4880,.\.git\objects,file,730
.\.git\objects\cd,.\.git\objects,directory,712
4509cafe05cf912345b0a0131d6ae164e01822,.\.git\objects,file,254
5a274827c7f07aafb4ca0baa2ddf95c37ea6c8,.\.git\objects,file,275
71cb3730e5e4d1ce8ecf38367863ef0282b75d,.\.git\objects,file,127
95369cbdd47e67c6a3753890aa069cbcb16f39,.\.git\objects,file,56
.\.git\objects\ce,.\.git\objects,directory,25726
056caf8d52599a99328d778018d4ff130ca5b4,.\.git\objects,file,25628
c59be9a9d2867e2954018921e74fd11238db08,.\.git\objects,file,98
.\.git\objects\cf,.\.git\objects,directory,148
0f47a382c8ede90120b3159a92a4ddbc7d2002,.\.git\objects,file,148
.\.git\objects\d0,.\.git\objects,directory,1673
05b1dd5dbeaa652aca6208647f6f34797eaf80,.\.git\objects,file,773
5a049367a5a2a84486f76ee87bf3db931d8ea2,.\.git\objects,file,690
876a78d06ac03b5d78c8dcdb95570281c6f1d6,.\.git\objects,file,210
.\.git\objects\d1,.\.git\objects,directory,453
01c82a5636c212e5a92c17981df4862f7a3f1e,.\.git\objects,file,127
b3039fb44eb7a86a95d0d19144adc8a6b640b2,.\.git\objects,file,326
.\.git\objects\d2,.\.git\objects,directory,3543
3ea3d334b55dc4afc09b502191609a40f630f8,.\.git\objects,file,3543
.\.git\objects\d3,.\.git\objects,directory,236
4527f9bbf4f5ed1180c310a9b66e6c8a71b386,.\.git\objects,file,35
9e7d59874c6da59ef9332ea189504e5898a9a5,.\.git\objects,file,135
b76e11e499710b30f72d8fc47e9819b3565f3f,.\.git\objects,file,66
.\.git\objects\d4,.\.git\objects,directory,3268
163542503b16afb64916cade626fc73daf89b5,.\.git\objects,file,127
23ea1a42b3246f8a6bd5863215ca732927c926,.\.git\objects,file,765
2aed22ba49ed2a066156cbfe102945b4354c06,.\.git\objects,file,2201
4a7edfa8273bdd505f47ba5c133fa027acecfb,.\.git\objects,file,175
.\.git\objects\d5,.\.git\objects,directory,2534
5267bac51d6aecf2c00d2f044cd20c5449dac1,.\.git\objects,file,2534
.\.git\objects\d6,.\.git\objects,directory,302
04a50bb3dfd6aa15833d1b1d429443ea3a9e1a,.\.git\objects,file,177
ab87f319be9cfe70372eed82e11229fc2e8b08,.\.git\objects,file,125
.\.git\objects\d7,.\.git\objects,directory,4824
1196159765ae42598fd44f9d945c455a45b577,.\.git\objects,file,1212
208ac6959e8c2fc2e94572d947569c02f2a4f1,.\.git\objects,file,3232
38ad8eb9907e14cbce37151b390c416b242bc8,.\.git\objects,file,266
d983aecca18629c2d0289207e682c3da42eb45,.\.git\objects,file,114
.\.git\objects\d8,.\.git\objects,directory,1464
582aabfb3599dabe214f07102115035d32e1c7,.\.git\objects,file,1464
.\.git\objects\d9,.\.git\objects,directory,966
aa211941e1a7f7170bb29147bdf49110a202e7,.\.git\objects,file,100
ea960a3a01eeec99da4693a45d7f78824d233d,.\.git\objects,file,706
f3868e40bbc338ddde88eb8a623d8c34c36d35,.\.git\objects,file,160
.\.git\objects\da,.\.git\objects,directory,966
28771f4a1d9da53d8001d91e8cfd27a246101d,.\.git\objects,file,193
2a7cb18cb55c854b733f17030f22a562a59338,.\.git\objects,file,126
981aa0b3baf335ac04427a44d43cb7bf8aed09,.\.git\objects,file,647
.\.git\objects\db,.\.git\objects,directory,4378
20153322a2621ca55416143fd9da3efca1baee,.\.git\objects,file,654
bb77d5230f3921e5d6c5fd8215132adb6eb5f0,.\.git\objects,file,3533
f13efa07f4773980985dcba0f09bb080a30df0,.\.git\objects,file,191
.\.git\objects\dc,.\.git\objects,directory,3417
4148a5ebfcb8c1c3fbd21490d97d3eda35c52c,.\.git\objects,file,3192
583150a12412f996471c7d0e9a1064f74451a7,.\.git\objects,file,225
.\.git\objects\dd,.\.git\objects,directory,3144
8b6786e001f295557f3d8983bba880eab33029,.\.git\objects,file,2010
da21ebfc0ad6be0b4f669d5748340f69e290c4,.\.git\objects,file,623
f17246eb247e9767c6d067ced50dbd93317262,.\.git\objects,file,79
fc22c49da1bf744ad053f6405ab79702c8fcf9,.\.git\objects,file,333
fdb7a5bee5d04280992dd0d4387de6faf29c07,.\.git\objects,file,99
.\.git\objects\de,.\.git\objects,directory,8704
57a69ac5dffb5bbaf0e5c4a2dfc4e81b290c8a,.\.git\objects,file,3639
8a3aa4f002dcfcfa9b180e2694c3fd95111b82,.\.git\objects,file,431
b5d660dac63d2fcb5739548556ed59ae6f1fce,.\.git\objects,file,1056
e8e0100e70656b7575404bc3121884490e287f,.\.git\objects,file,882
ef8d6b61c2f273e4fbe611d22e6e930455649b,.\.git\objects,file,2696
.\.git\objects\df,.\.git\objects,directory,2450
133755d86f517b403c8ad30cf868f114af4d4d,.\.git\objects,file,2450
.\.git\objects\e1,.\.git\objects,directory,1946
d9d039b62c040f96b2ade6c7635d8208015a3f,.\.git\objects,file,1946
.\.git\objects\e3,.\.git\objects,directory,3362
02d96197b0a2b289db0d0b22effd7cb287f27d,.\.git\objects,file,3070
04f00b2acce8a2dd789fdc131fb7f740d2b7d0,.\.git\objects,file,100
e61a7cdef7f61dc0a13eb51f8eda66e4ed8dd6,.\.git\objects,file,192
.\.git\objects\e6,.\.git\objects,directory,361
36b0d4625084576acf0ef6e1ae27b5de8cab80,.\.git\objects,file,173
9de29bb2d1d6434b8b29ae775ad8c2e48c5391,.\.git\objects,file,15
cae82861694091aac6d53f01dd171045abc5e1,.\.git\objects,file,173
.\.git\objects\e7,.\.git\objects,directory,766
adfad48655c8482e27eeb6b8d5e425cb6b4558,.\.git\objects,file,766
.\.git\objects\e8,.\.git\objects,directory,1512
44a90215719637e33876b672ddb863f374a2cb,.\.git\objects,file,1387
fb8bcddc116f8ca49c2617e0d2be42384c1559,.\.git\objects,file,125
.\.git\objects\e9,.\.git\objects,directory,2433
6016c618eb2111a3eb95b5488682497bad9c34,.\.git\objects,file,2433
.\.git\objects\ea,.\.git\objects,directory,1988
ce32c8cbc50e1b21a4aa26bc46be0ca6f2201d,.\.git\objects,file,232
dcc54cbec13f670518b2b81b3fa04a6643ef3e,.\.git\objects,file,176
f58ba695793b349cc855253b5e614dfb63c62a,.\.git\objects,file,1580
.\.git\objects\eb,.\.git\objects,directory,1948
e8e3143d6b6edf976ffbdac03e22bf3fc1813f,.\.git\objects,file,1948
.\.git\objects\ec,.\.git\objects,directory,1207
0e8a35ed8d6937718d4e496ad3c56093a58745,.\.git\objects,file,292
37de129075c302ff9df50a87d8362973e3d3a2,.\.git\objects,file,126
503bc68d86f349a4d164dff483703879f10147,.\.git\objects,file,397
ddfbfa11b7ac94eb10431692e1b2e8640946f4,.\.git\objects,file,392
.\.git\objects\ed,.\.git\objects,directory,860
081c47f1066c946acd9eb29378f9c68f623b4e,.\.git\objects,file,763
8b1fa16dcff26c345038b279d1671e13454c1e,.\.git\objects,file,97
.\.git\objects\ee,.\.git\objects,directory,1037
7592906c00532b061c94bc51164d2c33edd5d8,.\.git\objects,file,965
90210f5694008c59520d177dc57e65c6f4e547,.\.git\objects,file,72
.\.git\objects\ef,.\.git\objects,directory,10192
6578d424668337ffd658af89f9763825e7e293,.\.git\objects,file,4051
7441f5b9102339173284a66ded2ce57ba3b843,.\.git\objects,file,916
935ea7ec6bb459440f00e906e6eb231b144542,.\.git\objects,file,1302
b1ffc3a4695b44f979866e24b09423faf1ef92,.\.git\objects,file,3385
fc73acf49b3d3fcf921edc79952bcca940693b,.\.git\objects,file,538
.\.git\objects\f1,.\.git\objects,directory,186
d61dd3c0d722b3b609956939693b9b0bacede3,.\.git\objects,file,186
.\.git\objects\f2,.\.git\objects,directory,183
3abe92f0bcf715ac5b953a278464f4a85d9ead,.\.git\objects,file,127
dd92a8e05ec0a54926df003120c822bf64307c,.\.git\objects,file,56
.\.git\objects\f4,.\.git\objects,directory,628
b51fc64b5cb40bf5626d920c1cd0061e70b157,.\.git\objects,file,520
cc7d8dfd2b5868829ca710f5002e79649ef2bb,.\.git\objects,file,108
.\.git\objects\f5,.\.git\objects,directory,3349
81eb0a034058f209729c4e7bf5072ba9b09f20,.\.git\objects,file,3349
.\.git\objects\f6,.\.git\objects,directory,2202
97227d5bfa05bde105e6d203687440cd074a0f,.\.git\objects,file,2202
.\.git\objects\f7,.\.git\objects,directory,354
65e496ccee111bffb274e70174ee72da012d2c,.\.git\objects,file,221
e198b4ebc55d18a227dc48a81236d03fa107d9,.\.git\objects,file,133
.\.git\objects\f9,.\.git\objects,directory,3810
20e86c6cb2f35e73f6f5583fb7463ee6f48e6a,.\.git\objects,file,825
8a29dc7fd743716a47904fb2574489a079f3a7,.\.git\objects,file,279
9afbf8401cb11e974d542d00d6a9f42e547ce6,.\.git\objects,file,1193
ba826a4d463763b4f009205bcb53537a57b84a,.\.git\objects,file,56
c0b3059aed73e8a5aa610ef38c0222b3019c8b,.\.git\objects,file,174
fbf266c76e1b870c6a441aebdb51e939157343,.\.git\objects,file,1283
.\.git\objects\fa,.\.git\objects,directory,6617
276daa86a84d848d31d62d779fad4a70d1474f,.\.git\objects,file,98
52f843ddb5d1917379a158b3dc0088b3d248fa,.\.git\objects,file,1142
87d9616e5145ac5a5ddcc4dbd1256c0ea622ff,.\.git\objects,file,271
c2e1c8c2a5f3bd485d0a2efbc3eca6d7270c2a,.\.git\objects,file,4554
eeb516b4b9e60c8c2568e910aaaca8239ebfa8,.\.git\objects,file,552
.\.git\objects\fb,.\.git\objects,directory,1274
3e6b46868b16cb04c4938797d889770b787744,.\.git\objects,file,1274
.\.git\objects\fc,.\.git\objects,directory,4478
2a5f1e7f7e174fda80023bf141f1d82763ba87,.\.git\objects,file,332
5afba366aeb20813f26314acc45c5229466506,.\.git\objects,file,797
b64a12a2de253fa922910bf51d60e704c1c57d,.\.git\objects,file,3349
.\.git\objects\fd,.\.git\objects,directory,1433
4775c73f3f88a3428d1190909990f402344dbb,.\.git\objects,file,1315
d2e568c7be1d1e3131c863e2dd5f8acebb7715,.\.git\objects,file,118
.\.git\objects\fe,.\.git\objects,directory,22656
73a049c365075eade6f32e6694be978803735c,.\.git\objects,file,18534
d4095d746f675dfe41f963048c562ec725d11c,.\.git\objects,file,127
dd83b8d38f3ced3768969bd6979a9d5ba6e5d6,.\.git\objects,file,3528
f6f3e6c9bbfeb54cca750112a1432236585217,.\.git\objects,file,467
.\.git\objects\ff,.\.git\objects,directory,144
03061a71dcc0fdbeae598c158f829312115f91,.\.git\objects,file,144
.\.git\objects\info,.\.git\objects,directory,0
.\.git\objects\pack,.\.git\objects,directory,1778
pack-ff7b2169409fbcd3f6fc41302661ba8b84e80cf3.idx,.\.git\objects,file,1156
pack-ff7b2169409fbcd3f6fc41302661ba8b84e80cf3.pack,.\.git\objects,file,622
.\.git\refs,.\.git,directory,112
.\.git\refs\heads,.\.git\refs,directory,41
main,.\.git\refs,file,41
.\.git\refs\remotes,.\.git\refs,directory,71
.\.git\refs\remotes\origin,.\.git\refs\remotes,directory,71
HEAD,.\.git\refs\remotes,file,30
main,.\.git\refs\remotes,file,41
.\.git\refs\tags,.\.git\refs,directory,0
.\.idea,.,directory,4555
.gitignore,.,file,50
16. Next-Python.iml,.,file,291
misc.xml,.,file,189
modules.xml,.,file,289
vcs.xml,.,file,172
workspace.xml,.,file,3390
.\.idea\inspectionProfiles,.\.idea,directory,174
profiles_settings.xml,.\.idea,file,174
.\.vscode,.,directory,333
settings.json,.,file,39
tasks.json,.,file,294
.\01_DZ,.,directory,11609
task1.ipynb,.,file,11609
.\01_lec,.,directory,78245
lec_1.ipynb,.,file,78245
.\01_sem,.,directory,18496
sem_1.ipynb,.,file,18496
.\02_DZ,.,directory,8719
task2.ipynb,.,file,8719
.\02_lec,.,directory,69305
file_0.txt,.,file,12
file_1.txt,.,file,12
file_3.txt,.,file,12
file_5.txt,.,file,12
file_7.txt,.,file,12
file_9.txt,.,file,12
lec_2.ipynb,.,file,69233
.\02_sem,.,directory,10752
sem_2.ipynb,.,file,10752
.\03_DZ,.,directory,14369
task3.ipynb,.,file,14369
.\03_lec,.,directory,72231
lec_3.ipynb,.,file,72231
.\03_sem,.,directory,13423
sem_3.ipynb,.,file,13423
.\04_DZ,.,directory,11897
task4.ipynb,.,file,11897
.\04_lec,.,directory,165844
lec_4.ipynb,.,file,165844
.\04_sem,.,directory,9861
sem_4.ipynb,.,file,9861
.\05_DZ,.,directory,6834
task5.ipynb,.,file,6834
.\05_lec,.,directory,42489
lec_5.ipynb,.,file,42489
.\05_sem,.,directory,18794
sem_5.ipynb,.,file,18794
.\06_DZ,.,directory,6355
ДЗ_6. 1.py,.,file,603
ДЗ_6. 2.py,.,file,1074
ДЗ_6..3.py,.,file,646
.\06_DZ\Module,.\06_DZ,directory,4032
Queen.py,.\06_DZ,file,1507
__init__.py,.\06_DZ,file,390
.\06_DZ\Module\__pycache__,.\06_DZ\Module,directory,2135
Queen.cpython-311.pyc,.\06_DZ\Module,file,1945
__init__.cpython-311.pyc,.\06_DZ\Module,file,190
.\06_lec,.,directory,69391
lec_6.ipynb,.,file,63795
super_module.py,.,file,276
task_01.py,.,file,31
task_02.py,.,file,66
task_03.py,.,file,230
task_04.py,.,file,180
task_05.py,.,file,113
task_06.py,.,file,103
.\06_lec\mathematical,.\06_lec,directory,4597
advanced_math.py,.\06_lec,file,489
base_math.py,.\06_lec,file,799
__init__.py,.\06_lec,file,79
.\06_lec\mathematical\__pycache__,.\06_lec\mathematical,directory,3230
advanced_math.cpython-311.pyc,.\06_lec\mathematical,file,1118
base_math.cpython-311.pyc,.\06_lec\mathematical,file,1804
__init__.cpython-311.pyc,.\06_lec\mathematical,file,308
.\06_sem,.,directory,11652
.\06_sem\games,.\06_sem,directory,10782
main.py,.\06_sem,file,552
main_quiz.py,.\06_sem,file,768
module_quiz.py,.\06_sem,file,913
task_1.py,.\06_sem,file,352
task_2.py,.\06_sem,file,1099
task_3.py,.\06_sem,file,1106
task_6.py,.\06_sem,file,2753
task_7.py,.\06_sem,file,1486
__init__.py,.\06_sem,file,0
.\06_sem\games\__pycache__,.\06_sem\games,directory,1753
main_quiz.cpython-311.pyc,.\06_sem\games,file,877
module_quiz.cpython-311.pyc,.\06_sem\games,file,876
.\06_sem\__pycache__,.\06_sem,directory,870
module_quiz.cpython-311.pyc,.\06_sem,file,870
.\07_DZ,.,directory,12943
main.py,.,file,1116
.\07_DZ\futils,.\07_DZ,directory,11827
rename.py,.\07_DZ,file,2930
task_1.py,.\07_DZ,file,941
task_2.py,.\07_DZ,file,867
task_3.py,.\07_DZ,file,1909
task_4.py,.\07_DZ,file,1695
task_5.py,.\07_DZ,file,675
task_6.py,.\07_DZ,file,753
task_7.py,.\07_DZ,file,1691
__init__.py,.\07_DZ,file,92
.\07_DZ\futils\__pycache__,.\07_DZ\futils,directory,274
__init__.cpython-311.pyc,.\07_DZ\futils,file,274
.\07_lec,.,directory,22768
1.md,.,file,5699
bin_data,.,file,1200
data.bin,.,file,100
data.txt,.,file,18
new_data.txt,.,file,64
task_files_01.py,.,file,51
task_files_02.py,.,file,74
task_files_03.py,.,file,1108
task_files_04.py,.,file,73
task_files_05.py,.,file,1450
task_files_06.py,.,file,148
task_files_07.py,.,file,243
task_files_08.py,.,file,248
task_files_09.py,.,file,75
task_files_10.py,.,file,247
task_files_11.py,.,file,119
task_files_12.py,.,file,225
task_files_13.py,.,file,125
task_files_14.py,.,file,386
task_files_15.py,.,file,152
task_files_16.py,.,file,187
task_files_17.py,.,file,393
task_files_18.py,.,file,400
task_files_19.py,.,file,380
task_files_20.py,.,file,378
task_files_21.py,.,file,364
task_files_22.py,.,file,569
task_files_23.py,.,file,766
task_files_24.py,.,file,563
task_files_25.py,.,file,95
task_files_26.py,.,file,282
task_ts_01.py,.,file,268
task_ts_02.py,.,file,427
task_ts_03.py,.,file,260
task_ts_04.py,.,file,480
task_ts_05.py,.,file,352
task_ts_06.py,.,file,291
task_ts_07.py,.,file,255
task_ts_08.py,.,file,178
task_ts_09.py,.,file,540
task_ts_10.py,.,file,803
task_ts_11.py,.,file,578
task_ts_12.py,.,file,518
task_ts_13.py,.,file,327
task_ts_14.py,.,file,53
task_ts_15.py,.,file,233
task_ts_16.py,.,file,116
task_ts_17.py,.,file,521
text_data.txt,.,file,386
.\07_sem,.,directory,4892
new_file.txt,.,file,65
new_file1.txt,.,file,80
res.txt,.,file,155
task_1.py,.,file,941
task_2.1.py,.,file,875
task_2.py,.,file,867
task_3.py,.,file,1909
.\08_DZ,.,directory,10955
main.py,.,file,1703
task_3.py,.,file,1422
task_4.py,.,file,2102
task_5.py,.,file,1043
task_6.py,.,file,1329
task_7.py,.,file,817
task_8.py,.,file,2452
__init__.py,.,file,87
.\08_lec,.,directory,24350
biostats.csv,.,file,442
biostats_new.csv,.,file,52
biostats_tab.csv,.,file,438
my_dict.pickle,.,file,179
new_biostats.csv,.,file,49
new_user.json,.,file,264
quest.csv,.,file,244
quest.pickle,.,file,407
task_csv_01.py,.,file,764
task_csv_02.py,.,file,1467
task_csv_03.py,.,file,3366
task_csv_04.py,.,file,1270
task_csv_05.py,.,file,1138
task_csv_06.py,.,file,1694
task_csv_07.py,.,file,446
task_json_01.py,.,file,1168
task_json_02.py,.,file,2130
task_json_03.py,.,file,1090
task_json_04.py,.,file,125
task_json_05.py,.,file,814
task_json_06.py,.,file,523
task_json_07.py,.,file,1906
task_json_08.py,.,file,148
task_pickle_01.py,.,file,490
task_pickle_02.py,.,file,1531
task_pickle_03.py,.,file,265
task_pickle_04.py,.,file,1113
task_pickle_05.py,.,file,270
user.json,.,file,557
.\08_sem,.,directory,3563
task_1.py,.,file,1001
task_2.py,.,file,1539
task_3.py,.,file,1023
